"Date","Sales","TV_Ads_Expenditure","Social_Media_Ads_Expenditure","Discounts_Offered","Customer_Traffic","Competitor_Pricing","Seasonality_Factor","Economic_Indicator"
2006-01-01,5785.45,4439.52,2203.36,12.61,190,92.75,0.02,2.66
2006-01-08,7789.19,4769.82,2168.04,25.82,205,107.68,0.14,2.67
2006-01-15,7434.92,6558.71,2985.62,19.84,180,92.85,0.26,3.39
2006-01-22,5997,5070.51,2894.26,25.18,210,112.52,0.37,2.14
2006-01-29,6085.19,5129.29,960.53,12.35,193,104.95,0.48,2.03
2006-02-05,7367.99,6715.06,3832.46,8.53,227,104.86,0.58,2.13
2006-02-12,6596.89,5460.92,3199.78,27.22,228,102.11,0.67,2.54
2006-02-19,8125.77,3734.94,4932.97,5.21,193,84.75,0.76,2.49
2006-02-26,5612.38,4313.15,3548.16,19.23,228,109.87,0.83,2.16
2006-03-05,5081.73,4554.34,2642.43,29.19,208,117.9,0.89,2.23
2006-03-12,9552.94,6224.08,5237.91,11.73,205,97.85,0.94,2.49
2006-03-19,8704.45,5359.81,5265.78,29.6,192,100.77,0.97,1.22
2006-03-26,5805.34,5400.77,2025.03,5.88,210,99.5,0.99,2.66
2006-04-02,7880.72,5110.68,3375.23,11.45,205,97.86,1,1.54
2006-04-09,7329.54,4444.16,2831,11.5,189,93.72,0.99,2.11
2006-04-16,7819.65,6786.91,3149.64,28.7,211,112.43,0.97,2.87
2006-04-23,6799.68,5497.85,3182.03,29.49,209,105.28,0.93,2.12
2006-04-30,5019.96,3033.38,1990.48,23.36,217,104.36,0.88,1.66
2006-05-07,9364.49,5701.36,3228.47,12.19,228,107.68,0.82,1.79
2006-05-14,8089.43,4527.21,4399.4,15.22,190,96.27,0.74,1.97
2006-05-21,7175.78,3932.18,2868.73,10.04,197,84.22,0.66,1.49
2006-05-28,6073.73,4782.03,2869.66,24.16,193,117.26,0.56,1.99
2006-06-04,7700.15,3974,4118.86,23.58,233,90.22,0.46,1.96
2006-06-11,7046.22,4271.11,3718.72,17.46,180,100.21,0.35,1.89
2006-06-18,5952.02,4374.96,1681.2,21.76,187,113.91,0.23,2.19
2006-06-25,4906.28,3313.31,3182.85,23.81,213,97.53,0.11,1.96
2006-07-02,6268.12,5837.79,4322.84,24.35,189,118.46,-0.01,1.76
2006-07-09,5039.76,5153.37,4132.22,20.13,172,75.63,-0.13,1.76
2006-07-16,4560.04,3861.86,3335.96,14.76,201,99.94,-0.25,1.72
2006-07-23,9477.58,6253.81,3576.98,21.78,200,110.09,-0.36,1.72
2006-07-30,6054.72,5426.46,2042.45,26.73,214,105.23,-0.47,1.74
2006-08-06,5440.76,4704.93,3240.11,15.91,174,101.62,-0.57,1.66
2006-08-13,6637.67,5895.13,2236.44,8.01,215,109.2,-0.67,1.55
2006-08-20,4291.24,5878.13,2633.59,20.47,166,104.98,-0.75,2.13
2006-08-27,5794.16,5821.58,3748.48,17.01,198,101.53,-0.83,2.03
2006-09-03,8398.41,5688.64,2090.49,28.1,196,82.03,-0.89,2.67
2006-09-10,6162.95,5553.92,3213.53,11.02,184,109.69,-0.94,1.51
2006-09-17,6084.55,4938.09,3342.67,24.41,199,105.46,-0.97,2.34
2006-09-24,6805.44,4694.04,3043.93,23.8,200,98.86,-0.99,1.68
2006-10-01,4674.88,4619.53,4457.75,21.91,177,82.2,-1,2.17
2006-10-08,5520.35,4305.29,2182.12,18.79,170,102.34,-0.99,1.08
2006-10-15,6403.42,4792.08,3484.9,19.95,211,96.13,-0.97,1.59
2006-10-22,3838.72,3734.6,2928.86,26.66,191,103.76,-0.93,2.63
2006-10-29,6081.45,7168.96,2791.33,17.38,186,96.13,-0.88,2.44
2006-11-05,5175.11,6207.96,3371.27,29.51,210,114.03,-0.82,2.04
2006-11-12,4818.35,3876.89,2183.68,6.73,179,89.38,-0.75,1.95
2006-11-19,6052.59,4597.12,1949.24,18.9,188,93.08,-0.66,1.74
2006-11-26,5891.99,4533.34,2604.42,9.73,214,119.26,-0.57,1.95
2006-12-03,5542.14,5779.97,4401.41,12.41,195,85.29,-0.46,1.65
2006-12-10,7883.88,4916.63,3044.61,26.03,216,88.94,-0.35,1.7
2006-12-17,6421.18,5253.32,3265.15,10.13,200,110.64,-0.24,2.88
2006-12-24,5963.73,4971.45,2848.12,19.57,211,99.77,-0.12,2.41
2006-12-31,6857.13,4957.13,3376.39,14.91,203,87.87,0,3.31
2007-01-07,8606.84,6368.6,2238.66,12.64,212,111.13,0.12,2.45
2007-01-14,6905.85,4774.23,3926.33,16.81,200,99.82,0.24,1.91
2007-01-21,6150.6,6516.47,3467.76,23.58,215,90.58,0.35,2.18
2007-01-28,5543.54,3451.25,2354.84,29.42,195,102.16,0.46,2.12
2007-02-04,10167.84,5584.61,3043.64,8.91,189,91.31,0.57,2.64
2007-02-11,8742.47,5123.85,3573.07,8.24,211,90.15,0.66,1.83
2007-02-18,6794.68,5215.94,3446.18,19.51,191,102.21,0.75,2.99
2007-02-25,6483.1,5379.64,4185.55,8.43,162,103.7,0.82,1.64
2007-03-04,6998.88,4497.68,2509.61,10.05,212,100.8,0.88,1.92
2007-03-11,6986.84,4666.79,3892.91,13.54,190,101.93,0.93,1.94
2007-03-18,6692.93,3981.42,3829.24,11.65,193,94.1,0.97,1.89
2007-03-25,4330.73,3928.21,2870.01,23.04,199,113.03,0.99,2.89
2007-04-01,7554.31,5303.53,2219.26,22.39,217,99.63,1,1.67
2007-04-08,7131.77,5448.21,2128.68,24.86,198,82.94,0.99,2.29
2007-04-15,7615.82,5053,3366.23,11.86,207,103.17,0.97,1.17
2007-04-22,7220.76,5922.27,2943.1,9.55,207,97.44,0.94,1.45
2007-04-29,8979.89,7050.08,4423.28,16.57,205,103.66,0.89,2.41
2007-05-06,6850.99,4508.97,3428.11,18.76,191,101.48,0.83,1.49
2007-05-13,5406.3,2690.83,2702.44,20.57,190,89.1,0.75,2.01
2007-05-20,7002.73,6005.74,2179.57,17.07,193,88.56,0.67,1.56
2007-05-27,7478.47,4290.8,2534.08,8.25,190,91.85,0.57,1.81
2007-06-03,5316.48,4311.99,3274.31,27.1,182,110.65,0.47,1.49
2007-06-10,8857.2,6025.57,2639.25,29.78,228,104.57,0.36,1.97
2007-06-17,6931.11,4715.23,3411.38,26.55,173,117.1,0.25,2.05
2007-06-24,5378.39,3779.28,2732.53,26.31,217,97.86,0.13,1.81
2007-07-01,7819.16,5181.3,2915.55,14.44,191,103.3,0.01,1.01
2007-07-08,7087.99,4861.11,2415.59,20.43,209,110.07,-0.11,1.79
2007-07-15,8383.07,5005.76,4524.03,17.96,217,112.8,-0.23,0.97
2007-07-22,6303.04,5385.28,3266.1,5.92,216,101.05,-0.35,1.61
2007-07-29,6405.78,4629.34,3184.51,23.58,193,109.41,-0.46,2.21
2007-08-05,5412.38,5644.38,1646.51,26.06,182,101.84,-0.56,1.71
2007-08-12,5819.76,4779.51,3527.83,6.23,215,104.98,-0.66,1.41
2007-08-19,7015.31,5331.78,2181.1,27.33,208,90.79,-0.74,2.38
2007-08-26,5275.77,6096.84,2286.78,14.45,193,99.04,-0.82,1.27
2007-09-02,6557.62,5435.18,3734.67,22.39,175,102.21,-0.88,1.5
2007-09-09,4495.02,4674.07,2637.84,22.93,211,103.14,-0.93,2.17
2007-09-16,5516.27,6148.81,1601.3,22.06,216,89.51,-0.97,1.06
2007-09-23,8458.49,5993.5,4415.92,12.51,198,107.22,-0.99,2.3
2007-09-30,3777.43,5548.4,1098.07,12.57,211,103.95,-1,2.14
2007-10-07,6097.81,5238.73,3458.25,16.9,203,102.77,-0.99,2.37
2007-10-14,5403.69,4372.09,3813.8,6.21,212,90.28,-0.97,2.5
2007-10-21,5719.47,6360.65,2495.23,17.29,191,107.81,-0.94,1.35
2007-10-28,5252.35,4399.74,3355.43,19.72,224,97.69,-0.89,1.93
2007-11-04,7348.96,7187.33,3351.3,10.87,162,99.68,-0.83,1.07
2007-11-11,7289.05,6532.61,3832.5,29.12,202,93.89,-0.76,2.56
2007-11-18,5198.58,4764.3,3387.28,9,180,107.84,-0.67,2.76
2007-11-25,6824.69,3973.58,2804.09,19.38,204,90.32,-0.58,2.67
2007-12-02,5972.02,4289.59,3732.79,15.52,220,99.71,-0.48,1.99
2007-12-09,5625.15,5256.88,3640.5,8.06,179,92.06,-0.37,1.91
2007-12-16,6258.5,4753.31,2250.74,14.11,199,87.25,-0.26,1.87
2007-12-23,4430.18,4652.46,1879.37,29.97,199,97.71,-0.14,2.5
2007-12-30,5717.38,4048.38,3128.22,24.95,191,80.22,-0.02,1.69
2008-01-06,6395.83,4954.97,2780.83,13.75,216,93.49,0.1,1.57
2008-01-13,4217.25,4215.1,2211.57,28.42,193,98.27,0.22,2.21
2008-01-20,5843.14,3332.06,3067.14,22.83,185,97.04,0.34,1.57
2008-01-27,5902.81,4619.77,1944,17.38,184,100.49,0.45,1.92
2008-02-03,7294.83,5919,3128.98,25.31,194,90.56,0.55,2.35
2008-02-10,8146.27,4424.65,2500.06,21.37,223,97.88,0.65,2.91
2008-02-17,8821.38,5607.96,3765.73,14.02,215,82.01,0.74,1.52
2008-02-24,4812.25,3382.12,4939.59,16.8,193,106.83,0.81,1.55
2008-03-02,4269,4944.44,2267.22,19.96,187,112.02,0.88,1.69
2008-03-09,5822.35,5519.41,3846.13,23.15,182,96.82,0.93,2.97
2008-03-16,7339.92,5301.15,3660.12,13.9,207,107.66,0.97,2.3
2008-03-23,7088.72,5105.68,2943.84,19.66,196,100.08,0.99,2.21
2008-03-30,5677.63,4359.29,2637.08,17.92,210,91.63,1,1.58
2008-04-06,5542.85,4150.3,4260.25,19.84,189,98.59,1,1.33
2008-04-13,5504.39,3975.87,1395.63,27.21,186,94.57,0.98,2.28
2008-04-20,7245.68,5117.65,2485.44,26.68,200,80.98,0.94,2.97
2008-04-27,3111.25,4052.53,1850.53,25.78,206,101.81,0.9,1.7
2008-05-04,8103.66,4509.44,4116.25,9.04,207,104.5,0.84,1.7
2008-05-11,8714.1,4743.91,2847.44,13.28,184,90.45,0.76,2.59
2008-05-18,7974.38,6843.86,2580.26,28.15,194,94.87,0.68,2.93
2008-05-25,4444.94,4348.05,5547.24,28.13,205,88.36,0.59,0.88
2008-06-01,6766.72,5235.39,2959.97,20.91,202,86.39,0.49,2
2008-06-08,5962.11,5077.96,2645,24.82,201,88.71,0.38,2.02
2008-06-15,5255.96,4038.14,3239.89,19.29,203,99.28,0.26,2.31
2008-06-22,7696.47,4928.69,1745.26,5.98,205,98.41,0.15,2.28
2008-06-29,5996.15,6444.55,3392.24,12.19,201,92.48,0.03,1.82
2008-07-06,6419.89,5451.5,2923.07,17.02,209,95.18,-0.09,2.84
2008-07-13,6919.52,5041.23,3374.82,15.87,195,99.33,-0.21,1.26
2008-07-20,3477.86,4577.5,2214.1,28.31,196,104.42,-0.33,1.95
2008-07-27,4319.84,2946.75,2181.61,21.14,175,97.87,-0.44,1.9
2008-08-03,6296.02,6131.34,2445.27,5.02,202,95.83,-0.55,0.96
2008-08-10,5203.33,3539.36,2385.61,5.49,206,90.22,-0.64,3.77
2008-08-17,6864.83,5739.95,4039.24,12.42,206,104.64,-0.73,2.57
2008-08-24,8467.25,6909.1,4263.32,11.84,193,92.63,-0.81,2.52
2008-08-31,5031.85,3556.11,2874.49,25.74,200,86.34,-0.87,2.04
2008-09-07,5658.58,5701.78,2712.85,23.03,183,114.49,-0.92,2.28
2008-09-14,5796.95,4737.8,2736.77,22.01,191,90.66,-0.96,1.63
2008-09-21,5974.05,3427.86,3055.39,14.6,188,101.34,-0.99,1.35
2008-09-28,5469.67,3485.33,3077.52,9.63,188,109.41,-1,2.66
2008-10-05,4107.03,3398.46,3232.03,10.29,193,104.58,-1,2.35
2008-10-12,7425.41,4469.09,2402.66,22.59,186,95.38,-0.98,2.07
2008-10-19,5135.31,3538.24,2322.48,11.56,190,115.84,-0.95,2.06
2008-10-26,7839.24,5687.92,3957.66,10.66,213,93.87,-0.9,1.86
2008-11-02,7477.94,7100.11,2561.1,19.83,210,85.35,-0.84,2.38
2008-11-09,6264.66,3712.97,3242.44,8.68,214,106.49,-0.77,2.07
2008-11-16,5877.45,5787.74,2954.42,6.28,214,106.84,-0.69,1.87
2008-11-23,4952.72,5769.04,2233.72,5.35,174,108.61,-0.59,2.29
2008-11-30,8045.61,5332.2,3472.85,25.2,234,91.03,-0.49,1.78
2008-12-07,5346.22,3991.62,3138.48,25.06,210,95.87,-0.39,2.12
2008-12-14,6737.24,4880.55,4119.83,5.38,201,125.76,-0.27,2.34
2008-12-21,7184.4,4719.6,3093.97,19.88,193,97.59,-0.15,2.1
2008-12-28,5396.21,5562.99,2734.76,12.68,190,109.86,-0.03,1.22
2009-01-04,7034.47,4627.56,3222.64,20.15,207,98.96,0.07,1.96
2009-01-11,6226.69,5976.97,2051.53,10.39,191,95.04,0.19,1.99
2009-01-18,5643.53,4625.42,2331.28,28.7,203,78.15,0.3,1.78
2009-01-25,7071.89,6052.71,3408.22,7.65,194,88.65,0.42,2.16
2009-02-01,7830.72,3950.82,2733.5,7.99,192,83.04,0.52,2.35
2009-02-08,7915.27,3739.84,2947.23,8.51,197,88.31,0.62,2.55
2009-02-15,9789.93,8241.04,2907.82,12.32,205,105.84,0.71,1.84
2009-02-22,6431.62,4583.14,2479.59,19.97,163,107.26,0.79,1.82
2009-03-01,4185.38,5298.23,1385.05,10.23,200,99.47,0.86,1.51
2009-03-08,8249.92,5636.57,3279.07,16.31,206,92.94,0.91,2.48
2009-03-15,8779.75,4516.22,3609.31,16.32,192,104.77,0.96,2.14
2009-03-22,6994.82,5516.86,1969.03,14.54,195,89.98,0.98,1.58
2009-03-29,5499.99,5368.96,4185.92,29.69,190,98.29,1,2.42
2009-04-05,8247.04,4784.62,3308.12,5.25,195,98,1,1.62
2009-04-12,7444.26,5065.29,4073.31,26.64,197,117.2,0.98,2.25
2009-04-19,6177.23,4965.93,2234.26,7.32,185,109.12,0.95,2.74
2009-04-26,7142.45,7128.45,3133.43,9.55,218,91.69,0.91,1.95
2009-05-03,6288.33,4258.66,2919.99,16.19,204,106.36,0.85,2.45
2009-05-10,7163.49,3904,3614.81,23.23,220,92.38,0.79,1.74
2009-05-17,5462.52,5037.79,2539.31,9.75,190,97.39,0.71,2.45
2009-05-24,6757.9,5310.48,2991.92,8.48,195,106.09,0.62,2.12
2009-05-31,7158.7,5436.52,1577.07,10.32,183,76.17,0.52,1.57
2009-06-07,5026.73,4541.63,2377.9,9.22,166,103.03,0.41,1.9
2009-06-14,7074.63,3936.67,3100.03,26.33,213,94.68,0.3,2.57
2009-06-21,6983.97,6263.19,2434.94,23.5,192,93.29,0.18,1.61
2009-06-28,6918.36,4650.35,2965.14,19.24,202,81.87,0.06,1.89
2009-07-05,5512.44,4134.49,2625.66,26.38,184,101.23,-0.06,1.62
2009-07-12,5317.88,4763.72,3485.54,8.71,224,90.67,-0.18,2.19
2009-07-19,8198.87,4802.82,3934.79,14.44,214,116.69,-0.3,2.24
2009-07-26,6626.73,6109.92,2342,12.99,209,102.92,-0.41,2.03
2009-08-02,8551.08,5084.74,2754.37,5.75,201,90.45,-0.52,1.82
2009-08-09,6361.56,5754.05,4151.81,14.7,210,104.34,-0.62,1.05
2009-08-16,4898.93,4500.71,1240.86,22.74,209,100.67,-0.71,1.88
2009-08-23,7591.31,5214.45,2744.13,11.2,222,111.1,-0.79,2.58
2009-08-30,7884.25,4675.31,4651.76,21.2,212,112.56,-0.85,1.64
2009-09-06,6646.53,5094.58,4754.87,9.19,197,89.73,-0.91,2.97
2009-09-13,5143.82,4104.64,3125.28,24.31,203,103.7,-0.95,2.32
2009-09-20,4773.67,3689.2,2309.11,16.98,205,91.03,-0.98,1.88
2009-09-27,8373.64,6997.21,3132.37,6.51,216,101.69,-1,2.77
2009-10-04,6492.8,5600.71,2477.78,24.27,198,110.04,-1,2.65
2009-10-11,4913.31,3748.73,4162.25,26.93,205,112.11,-0.98,1.85
2009-10-18,4653.34,4388.83,2354.81,19.74,205,89.6,-0.96,2.31
2009-10-25,6124.35,3814.52,3298.33,20.24,225,94.06,-0.91,2.57
2009-11-01,7505.96,7198.81,3495.88,15.52,206,81.32,-0.86,1.57
2009-11-08,7455.94,6312.41,2393.99,6.21,188,106.9,-0.79,2.16
2009-11-15,4595.11,4734.85,3681.22,21.27,196,107.12,-0.71,1.97
2009-11-22,6462.12,5543.19,2401.66,17.55,199,106.16,-0.62,1.55
2009-11-29,7178.84,4585.66,3504.19,24.66,190,102.88,-0.52,2.99
2009-12-06,7002.43,4523.75,3877.33,18.68,226,103.11,-0.42,2.05
2009-12-13,4622.87,4211.4,2209.25,16.1,198,95.74,-0.3,1.8
2009-12-20,5190.77,4405.38,3886.4,25.94,201,92.57,-0.19,2.35
2009-12-27,8125.02,6650.91,2608.37,21.89,186,96.71,-0.07,2.62
2010-01-03,8511.01,4945.97,3235.48,6.29,192,123.16,0.05,2.41
2010-01-10,5442.24,5119.25,3161.47,8.15,167,102.86,0.17,2.57
2010-01-17,6396.76,5243.69,2658.24,25.66,198,96.71,0.29,0.52
2010-01-24,6467.96,6232.48,3214.48,15.04,213,103.07,0.4,2.05
2010-01-31,5357.71,4483.94,2015.66,17.63,215,95.59,0.51,1.88
2010-02-07,6807.87,4007.49,2891.09,13.43,204,112.94,0.61,1.63
2010-02-14,6984.93,6675.7,3660.63,20.6,216,108.53,0.7,2.48
2010-02-21,5058.02,4558.84,1260.7,19.44,200,80.34,0.78,1.78
2010-02-28,7391,4276.93,1809.66,10.56,225,94.12,0.85,1.62
2010-03-07,5818.69,3763.73,2070.45,20.99,223,85.69,0.91,2.03
2010-03-14,5597.79,3715.28,1728.73,13.92,198,100.02,0.95,2.06
2010-03-21,7109.25,4426.03,3335.67,16.27,206,99.82,0.98,2.83
2010-03-28,6049.25,5617.99,2205.66,15.02,194,108.15,1,1.6
2010-04-04,7932.04,6109.85,1268.36,10.54,200,88.32,1,2.63
2010-04-11,7502.9,5707.59,2489.94,11.2,209,87.37,0.99,2.17
2010-04-18,6622.29,4636.34,2687.49,9.41,194,97.26,0.96,1.61
2010-04-25,8448.33,5059.75,3685.43,15.81,204,83.91,0.92,2.33
2010-05-02,6080.22,4295.4,2117,20.24,196,108.52,0.86,1.92
2010-05-09,7512.95,4282.78,3929.03,15.23,200,95.69,0.8,2.34
2010-05-16,6073.77,5884.65,3318.69,27.81,192,86.31,0.72,2.62
2010-05-23,6796.62,3984.41,3289.88,12.03,217,96.31,0.63,2.53
2010-05-30,7252.54,6955.29,2317.98,10.39,197,106.86,0.53,2.48
2010-06-06,7246.23,4909.68,4562.93,18.81,195,112.53,0.43,1.46
2010-06-13,6503.42,5214.54,2868.58,13.75,206,113.53,0.31,1.21
2010-06-20,5611.2,4261.47,1540.08,28.45,213,103.94,0.2,2.25
2010-06-27,5709.28,4425.61,2836.91,20.74,200,104.19,0.08,1.36
2010-07-04,3607.91,3682.98,1452.44,15.92,229,105.88,-0.04,1.86
2010-07-11,7120.68,4817.07,2751.59,12.24,226,120.29,-0.16,2.38
2010-07-18,6803.88,5418.98,2662.22,5.92,209,89.27,-0.28,2.85
2010-07-25,6325.16,5324.3,3545.46,18.71,200,104.8,-0.39,2.24
2010-08-01,5464.15,4218.46,3807.6,13.01,207,96.39,-0.5,1.9
2010-08-08,5713.72,4211.38,2419.12,17.03,192,112.27,-0.6,2.52
2010-08-15,6885.9,4497.8,3644.89,25.23,205,117.64,-0.69,1.25
2010-08-22,7366.94,6496.06,4139.46,10.47,191,81.8,-0.77,1.73
2010-08-29,5853.46,3862.7,2372.68,7.23,197,83.47,-0.85,1.54
2010-09-05,4233.67,4820.95,2478.08,24.93,202,94.55,-0.9,2.06
2010-09-12,6246.32,6902.36,3520.62,9.36,195,99.65,-0.95,1.73
2010-09-19,5100.19,4899.03,3146.44,25.03,186,92.58,-0.98,1.49
2010-09-26,6308.02,3640.16,3439.02,5.92,179,96.57,-1,1.53
2010-10-03,6175.48,4335.23,4123.75,26.18,211,92.99,-1,1.77
2010-10-10,5868.61,5485.46,3309.67,25.54,207,120.72,-0.99,1.91
2010-10-17,5758.44,4624.4,3841.36,27.44,205,91.41,-0.96,2.41
2010-10-24,4283.48,4438.12,3498.32,14.36,183,97.69,-0.92,1.85
2010-10-31,6609.02,4656.08,3346.9,12.66,197,98.12,-0.87,2.39
2010-11-07,7234.01,5090.5,3308.87,27.97,217,112.22,-0.8,2.75
2010-11-14,7132.46,6598.51,4033.06,13.03,196,94.63,-0.72,1.93
2010-11-21,5411.16,4911.43,2198.19,28.13,208,87.28,-0.64,2.3
2010-11-28,5472.85,6080.8,2115.85,20.08,202,111.31,-0.54,2.06
2010-12-05,5844.06,5630.75,3473.56,19.53,218,113.54,-0.43,2.24
2010-12-12,7024.08,4886.36,2904.25,23.39,184,82.49,-0.32,2.48
2010-12-19,8297.43,3467.1,3059.2,14.99,197,97.11,-0.21,3.1
2010-12-26,4562.2,4478.88,3593.02,14.18,184,99.01,-0.09,1.78
2011-01-02,7647.09,4510.13,3602.64,15.78,187,99.59,0.03,2.53
2011-01-09,6118.78,5047.15,2789.86,13.4,180,95.73,0.15,1.41
2011-01-16,6837.58,6300.2,2749.96,22.45,200,91.21,0.27,1.96
2011-01-23,7703.8,7293.08,3058.88,11.7,199,110.72,0.39,1.4
2011-01-30,7445.14,6547.58,3850.41,26.34,168,96.8,0.49,2.64
2011-02-06,6387.54,4866.85,3340.82,28.27,190,99.72,0.59,1.77
2011-02-13,8590.39,3243.47,4146.41,16.62,174,92.47,0.69,1.78
2011-02-20,7382.91,4611.22,2993.89,5.15,238,109.34,0.77,1.82
2011-02-27,8016.15,5089.21,3900.53,28.52,167,94.05,0.84,2.58
2011-03-06,6255.74,5845.01,3706.4,15.84,183,102.44,0.9,0.99
2011-03-13,6412.53,5962.53,3489.67,25.83,196,110.17,0.95,2.39
2011-03-20,6923.35,5684.31,3331.76,17.88,202,95.97,0.98,1.55
2011-03-27,7961.3,3604.73,2776.09,17,176,82.16,1,1.89
2011-04-03,7967.52,5849.64,2912.77,8.62,203,100.42,1,1.9
2011-04-10,8257.95,4553.44,3183.52,6.45,233,87.33,0.99,2.56
2011-04-17,6348.29,5174.8,3039.11,21.25,211,116.35,0.96,1.86
2011-04-24,7040.55,5074.55,3754.58,14.34,182,107.02,0.92,2.46
2011-05-01,7426.38,5428.17,2912.55,5.61,193,98.15,0.87,1.92
2011-05-08,5433.05,5024.67,2943.7,6.87,191,98.25,0.81,1.98
2011-05-15,6538.51,3332.52,2612.54,25.76,215,106.46,0.73,1.72
2011-05-22,5518.15,5736.5,2889.33,23.36,203,113.57,0.64,2.25
2011-05-29,8296.34,5386.03,2944.99,6.2,209,101.4,0.55,2.42
2011-06-05,5652.17,4734.35,1149.01,23.13,188,107.6,0.44,2.05
2011-06-12,4141.79,5118.14,1908.13,5.35,181,101.09,0.33,1.9
2011-06-19,7533.76,5134.04,2942.01,20.27,201,113.18,0.21,1.52
2011-06-26,5965.01,5221.02,2787.77,10.56,205,123.1,0.09,1.05
2011-07-03,7765.69,6640.85,2039.3,20.51,215,89.49,-0.03,1.83
2011-07-10,6447.16,4780.95,1406.77,19.11,195,87.76,-0.15,1.41
2011-07-17,8575.64,5168.07,2716.5,17.69,227,78.08,-0.26,2.57
2011-07-24,7627.52,6168.38,3522.8,11.43,193,102.91,-0.38,1.36
2011-07-31,7821.63,6054.18,4418.59,13.97,202,92.81,-0.49,2.62
2011-08-07,5640.11,6145.26,2969.23,12.2,200,111.07,-0.59,2.5
2011-08-14,7525.62,4422.53,4194.55,9.75,199,80.11,-0.68,1.69
2011-08-21,6994.99,7002.48,3066.42,20.76,200,101.99,-0.76,1.25
2011-08-28,7270.93,5066.7,3092.43,5.27,199,104.09,-0.84,1.71
2011-09-04,7277.06,6866.85,3259.86,8.62,200,85.5,-0.9,2.53
2011-09-11,4953.57,3649.1,2303.54,17.73,179,78.35,-0.94,1.89
2011-09-18,5288.64,5020.98,2958.63,16.64,193,102.73,-0.98,1.47
2011-09-25,6639.98,6249.91,3726.76,18.03,209,84.82,-1,1.39
2011-10-02,4798.35,4284.76,2400.22,22.27,226,88.93,-1,2.63
2011-10-09,5207.01,4247.31,2742.72,30,202,94.59,-0.99,2.34
2011-10-16,4256.97,4061.46,2081.78,28.72,190,106.03,-0.97,2.17
2011-10-23,7107.88,3947.49,3283.48,28.81,189,85.98,-0.93,2.29
2011-10-30,4719.97,4562.84,3339.84,22.1,173,90.66,-0.88,2.87
2011-11-06,6264.48,5331.18,3518.68,23.4,190,84.93,-0.81,1.96
2011-11-13,4675.8,2985.79,2024.15,28.92,210,96.69,-0.74,2.23
2011-11-20,6053.57,5211.98,3085.79,10.18,176,91.55,-0.65,2.19
2011-11-27,5244.43,6236.68,2244.75,21.87,193,114.91,-0.55,2.02
2011-12-04,7485.14,7037.57,2999.69,7.44,199,101.48,-0.45,1.88
2011-12-11,7060.54,6301.18,4074.1,17.47,211,119.1,-0.34,1.89
2011-12-18,6806.38,5756.77,2597.18,23.95,221,96.41,-0.22,1.96
2011-12-25,6747.19,3273.27,3573.35,5.3,197,107.51,-0.1,1.88
2012-01-01,7089.39,4398.49,2400.27,9,195,98.64,0.02,1.57
2012-01-08,7251.89,4647.95,2617.18,7.76,207,94.48,0.14,2.27
2012-01-15,7341.36,5703.52,3350.98,25.07,206,114.93,0.26,2.23
2012-01-22,6202.14,4894.33,2456.71,14.37,218,113.46,0.37,1.68
2012-01-29,5057.7,3741.35,1637.63,20.77,224,94.68,0.48,1.72
2012-02-05,8400.4,6684.44,4012.13,24.05,197,86.9,0.58,2.18
2012-02-12,6688.33,5911.39,3288.29,11.22,201,101.86,0.67,2.34
2012-02-19,6247.39,5237.43,2533.09,14.34,181,117.59,0.76,2.56
2012-02-26,7931.89,6218.11,1404.74,13.49,190,110.99,0.83,2.45
2012-03-04,7339.83,3661.23,4521.77,22.67,206,78.93,0.89,2.92
2012-03-11,8036.87,5660.82,5712.3,19.29,216,78.77,0.94,1.4
2012-03-18,6281.31,4477.09,3165.98,8.59,193,101.77,0.97,2.2
2012-03-25,8149.34,5683.75,3679.85,12.42,175,110.53,0.99,3.06
2012-04-01,9089.41,4939.18,3979.65,14.8,238,98.41,1,2.92
2012-04-08,7538.12,5632.96,2438.56,18.06,202,94.13,0.99,1.75
2012-04-15,8464.43,6335.52,2719.04,19.65,222,116.02,0.97,2.12
2012-04-22,6802.17,5007.29,1618.3,12.73,194,119.2,0.93,2.18
2012-04-29,7260.91,6017.56,2410.74,13.99,216,101.32,0.88,2.02
2012-05-06,5899.54,3811.57,3497.93,28.23,185,98.06,0.82,1.54
2012-05-13,5672.83,4278.4,2767.43,18.62,189,102.91,0.74,1.79
2012-05-20,9232.53,6519.22,2828.63,19.73,207,96.67,0.66,2.58
2012-05-27,6269.62,5377.39,2909.95,11.28,192,91.24,0.56,3.02
2012-06-03,5878.3,2947.78,1509.07,14.72,192,84.22,0.46,2.15
2012-06-10,6282.86,3635.96,3670.1,21.15,190,95.54,0.35,1.38
2012-06-17,5075.92,4799.22,1845.21,14.13,192,106.65,0.23,0.46
2012-06-24,7126.78,5865.78,2833.14,16.69,181,119.01,0.11,2.05
2012-07-01,6106.42,4898.12,2649.15,9.43,199,99.27,-0.01,1.79
2012-07-08,7162.15,5624.19,2825.12,17.03,214,107.17,-0.13,1.59
2012-07-15,6907.3,5959.01,4167.97,28.29,208,107.04,-0.25,1.15
2012-07-22,7299.6,6671.05,2534.35,5.64,203,104.78,-0.36,2.65
2012-07-29,6517.99,5056.02,2373.52,14.58,220,100.01,-0.47,1.72
2012-08-05,6713.66,4948.02,1784.28,11.26,222,100.44,-0.57,1.54
2012-08-12,4690.84,3246.76,2355.44,19.44,158,104.08,-0.67,2.47
2012-08-19,5315.36,5099.33,2067.05,6.7,204,97.9,-0.75,2.37
2012-08-26,4703.73,4428.15,3326.36,21.26,172,89.49,-0.83,2.17
2012-09-02,5072.11,4025.99,2309.6,6.35,235,92.99,-0.89,1.89
2012-09-09,6581.44,4820.09,3243.23,12.28,200,111.04,-0.94,1.87
2012-09-16,6942.8,6014.94,2882.86,12.77,191,95.5,-0.97,2.17
2012-09-23,3474.09,3007.25,1853.15,16.04,196,97.61,-0.99,1.79
2012-09-30,4724.23,4572.72,2367.51,15.9,197,115.88,-1,1.73
2012-10-07,6162.27,5116.64,3708.09,29.8,207,105.34,-0.99,2.74
2012-10-14,6832.72,4106.79,3722.46,20.29,185,93.46,-0.97,1.47
2012-10-21,8485.92,5333.9,4604.46,12.88,208,113.55,-0.93,1.5
2012-10-28,7364.42,5411.43,2997.14,26.56,198,102.48,-0.88,1.48
2012-11-04,5780.18,4966.96,1803.34,13.44,190,102.96,-0.82,1.71
2012-11-11,5865.55,2534.1,2385.27,21.79,198,108.13,-0.75,2.29
2012-11-18,6770.15,7571.46,3326.79,27.49,223,99.93,-0.66,1.85
2012-11-25,8074.67,4794.7,4520.11,26.11,205,99.52,-0.57,1.66
2012-12-02,6628.07,5651.19,3088.01,7.24,208,103.09,-0.46,1.83
2012-12-09,6069.84,5273.77,3912.31,12.48,206,96.57,-0.35,2.22
2012-12-16,4936.55,6024.67,3614.47,18.27,208,95.92,-0.24,1.72
2012-12-23,7444.46,5817.66,2065.53,14.48,218,109.44,-0.12,2.56
2012-12-30,4654.91,4790.21,2863.11,26.13,199,107.21,0,1.75
2013-01-06,6320.56,5378.17,4044.21,26.53,203,100.63,0.1,1.84
2013-01-13,6558.54,4054.59,3700.88,22.03,227,110.1,0.22,2.16
2013-01-20,7903.38,5856.92,3371.04,17.51,192,83.48,0.34,1.58
2013-01-27,7341.33,4538.96,3381.69,25.02,204,84.3,0.45,1.61
2013-02-03,7662.89,7416.77,2606.88,6.16,197,98.62,0.55,2.23
2013-02-10,5153.98,3348.95,1944.49,11.54,190,98,0.65,1.12
2013-02-17,6187.74,4536.01,4036.34,9.97,200,110.1,0.74,1.34
2013-02-24,6861.6,5825.38,1863.82,25.4,171,95.9,0.81,2.47
2013-03-03,7105.74,5510.13,2248.88,26.08,207,85.13,0.88,2.06
2013-03-10,7327.29,4410.52,3503.17,25.82,203,102.21,0.93,1.69
2013-03-17,5525.15,4003.22,1990.24,11.77,203,90.87,0.97,2.17
2013-03-24,5937.14,5144.48,2558.5,5.49,229,109.17,0.99,2.69
2013-03-31,8350.18,4985.69,2053.76,20.77,179,85.42,1,2.4
2013-04-07,5015.17,3209.72,3496.53,23.7,197,79.83,1,2.13
2013-04-14,7233.88,5034.55,3357.05,17.64,213,98.06,0.98,2.17
2013-04-21,5787.56,5190.23,3337.51,14.12,196,92.69,0.94,1.97
2013-04-28,6990.42,5174.73,3353.97,12.75,197,119.38,0.9,1.51
2013-05-05,6402.2,3944.98,3445.8,13.99,191,90.73,0.84,2.34
2013-05-12,6111.08,5476.13,3511.49,14.07,202,98.41,0.76,1.94
2013-05-19,5085.81,6378.57,1425.07,18.47,177,103.11,0.68,1.3
2013-05-26,6052.91,5456.24,2880.95,21.31,204,107.36,0.59,1.7
2013-06-02,6362.09,3864.41,3089.97,15.09,194,95.23,0.49,1.81
2013-06-09,6340.76,4564.35,3579.74,19.58,210,114.64,0.38,2.36
2013-06-16,5793.93,5346.1,2050.01,22.39,213,89.84,0.26,2.56
2013-06-23,5375.33,4352.95,2600.32,27.29,195,108.66,0.15,1.46
2013-06-30,4362.3,2842.35,2141.09,28.7,248,104.24,0.03,2.3
2013-07-07,7054.03,5884.25,3845.79,15.52,236,89.09,-0.09,2.12
2013-07-14,4522.2,4170.52,4023.26,20.92,192,99.42,-0.21,1.66
2013-07-21,5726.42,4426.44,3630.14,9.45,212,114.4,-0.33,1.64
2013-07-28,5863.36,6503.9,2022.08,7.01,224,93.5,-0.44,1.39
2013-08-04,6527.76,4225.86,3361.56,19.15,184,93.4,-0.55,2.44
2013-08-11,8828.93,5845.73,3920.36,25.42,201,110.67,-0.64,2.24
2013-08-18,6205.83,3739.32,3134.35,23.99,202,95.78,-0.73,1.48
2013-08-25,5390.88,4645.46,2547.11,19.3,220,98.4,-0.81,1.82
2013-09-01,5537.45,4926.44,2131.11,29.72,168,108.64,-0.87,1.48
2013-09-08,5862.21,3831.35,2467.76,29.88,218,101.72,-0.92,2.05
2013-09-15,7114.59,4365.25,3571.88,13.04,184,95.28,-0.96,2.8
2013-09-22,7406.75,4971.16,2654.67,9.3,215,114.94,-0.99,1.98
2013-09-29,6127.07,5670.7,3182.09,14.3,193,95.61,-1,2.47
2013-10-06,6448.6,3349.45,4035.96,18.47,216,108.12,-1,2.94
2013-10-13,6342.41,4650.25,3462.67,25.28,218,106.3,-0.98,3.14
2013-10-20,5322.81,5756.41,4091.74,22.47,218,95.71,-0.95,1.34
2013-10-27,4243.82,4461.19,1638.74,27.5,196,125.59,-0.9,1.71
2013-11-03,5930.4,5227.29,2775.46,23.08,179,97.25,-0.84,2.21
2013-11-10,6084.88,5492.23,3052.05,11.38,214,82.81,-0.77,2.25
2013-11-17,7287.57,5267.84,3462.87,12.72,182,98.22,-0.69,1.99
2013-11-24,7243.53,5653.26,2064.63,23.67,212,103.27,-0.59,2.65
2013-12-01,7854.85,4877.29,3644.95,10.13,197,110.19,-0.49,1.69
2013-12-08,8179.15,4586.32,3245.91,12.15,194,107.1,-0.39,1.96
2013-12-15,5011.03,2356.85,3211.04,27.47,219,94.38,-0.27,2.31
2013-12-22,6384,4907.06,3406.79,9.2,192,121.23,-0.15,2.44
2013-12-29,7707.82,5430.28,2906.91,8.59,225,116.83,-0.03,2.89
2014-01-05,6339.15,5535.4,3740.44,23.34,206,94.71,0.09,1.96
2014-01-12,8217.66,4444.72,3518.58,18.57,191,83.54,0.21,1.66
2014-01-19,7470.84,6779.5,2879.83,18.56,201,92.38,0.32,2.11
2014-01-26,7105.33,5286.42,3832.3,22.58,220,105.86,0.43,1.61
2014-02-02,6356.34,5126.32,3234.05,21.29,204,93.68,0.54,2.49
2014-02-09,8550.97,6272.27,3535,24.03,195,107.93,0.64,1.45
2014-02-16,6645.43,4281.53,2524.66,12.02,211,89.93,0.72,3.11
2014-02-23,7138.7,4549.66,4264.35,29.6,181,87.54,0.8,2.45
2014-03-02,8136.7,7397.45,2996.81,29.09,202,106.19,0.87,1.8
2014-03-09,8635.61,5011.13,3678.27,5.7,171,101.02,0.92,1.57
2014-03-16,9109.18,6633.57,2919.91,23.68,202,96.61,0.96,2.45
2014-03-23,7225.6,3561.49,2776.3,14.17,190,98.65,0.99,2.67
2014-03-30,6529.28,4809.48,3627.55,13.85,200,96.12,1,0.88
2014-04-06,7794.52,5378.42,1732.31,5.48,209,80.76,1,2.95
2014-04-13,8514.35,5300.04,3382.69,23.97,189,86.03,0.98,1.73
2014-04-20,6759.65,3994.36,3314.85,8.94,208,107.18,0.95,1.45
2014-04-27,5602.44,5019.26,843.74,7.81,191,106.38,0.9,2.05
2014-05-04,7569.66,3922.58,3294.7,22.85,209,127.25,0.85,1.8
2014-05-11,7791.44,5712.7,1265.27,16.13,208,85.09,0.77,2.65
2014-05-18,8724.98,6084.78,3527.84,5.65,177,96.11,0.69,2.33
2014-05-25,5679.85,2775.01,2636.87,27.99,193,99.61,0.6,1.66
2014-06-01,5854.58,6235.69,2444.05,24.62,197,105.64,0.5,2.37
2014-06-08,6259.85,3758.96,2994.52,15.63,227,89.45,0.39,1.87
2014-06-15,7452.91,5454.77,4098.44,8.23,216,102.18,0.28,1.98
2014-06-22,8559.06,5659.9,2491.74,25.47,200,92.06,0.16,2.06
2014-06-29,6142.58,4800.11,3446.48,22.92,199,100.02,0.04,1.96
2014-07-06,5664.45,4354.89,3272.93,15.3,200,84.13,-0.08,1.46
2014-07-13,5245.39,5165.32,2056.39,9.37,201,90.95,-0.2,2.85
2014-07-20,5472.9,5438.82,1607.18,5.27,201,92.37,-0.31,1.65
2014-07-27,5864.66,5883.3,1405.93,13.52,190,103.99,-0.43,1.55
2014-08-03,4256.62,2947.66,3441.02,9.73,169,111.62,-0.53,1.29
2014-08-10,6876.79,3363.62,2972.21,19.06,185,91.11,-0.63,2.23
2014-08-17,6852.16,6430.4,4480.46,19.7,202,90.93,-0.72,1.55
2014-08-24,5901.18,6046.63,3458.94,12.04,179,99.45,-0.8,1.77
2014-08-31,5453.11,5435.29,3679.76,28.15,210,96.39,-0.86,2.07
2014-09-07,7529.87,5715.18,4067.51,22.6,204,100.41,-0.92,1.81
2014-09-14,7459.16,5917.17,2599.42,11.91,207,94.07,-0.96,1.89
2014-09-21,3297.46,2339.08,3408.08,22.88,191,95.02,-0.99,2.07
2014-09-28,5563.16,6110.28,3695.03,20.22,192,94.89,-1,2.38
2014-10-05,7480.53,4515.01,4095.48,15.21,205,98.39,-1,2.99
2014-10-12,7970.61,5230.62,3610.12,9.18,189,100.33,-0.98,1.51
2014-10-19,5372.29,4704.84,3336.92,5.61,191,106.48,-0.95,2.54
2014-10-26,4748.44,5871.96,2305.42,8.87,198,102.02,-0.91,2.42
2014-11-02,5449.98,4651.53,3583.65,19.66,178,104.33,-0.85,0.56
2014-11-09,8255.11,5518.5,3400.21,10.46,214,90.52,-0.78,1.97
2014-11-16,5752.01,4609.32,3507.4,6.11,210,99.34,-0.7,2.27
2014-11-23,4581.62,3907.21,3338.92,27.86,202,101.51,-0.61,2.83
2014-11-30,7827.2,6210.01,2838.53,26.75,189,87.92,-0.51,1.3
2014-12-07,6148.23,5740.9,2938.51,25.66,210,92.46,-0.4,1.9
2014-12-14,6420.1,6724.26,3549.89,20.24,195,95.06,-0.29,0.95
2014-12-21,6475.3,5065.15,3137.31,23.09,205,100.26,-0.17,2.24
2014-12-28,7041.27,6125,2335.91,24.92,215,77.51,-0.05,2.61
2015-01-04,7382.36,6975.42,2767.87,26.69,191,113.34,0.07,2.05
2015-01-11,7278.91,4718.52,1944.7,22.51,214,103.21,0.19,2.36
2015-01-18,4488.79,3677.05,2226.37,13.39,190,106.02,0.3,1.54
2015-01-25,5139.38,4760.65,2884.31,17.44,219,104.8,0.42,2.55
2015-02-01,7155.89,4785.96,1561.49,24.41,206,102.15,0.52,1.98
2015-02-08,8923.62,5151.68,1649.17,15.48,202,74.65,0.62,2.1
2015-02-15,7753.71,6712.3,3882.05,19.58,211,100.46,0.71,2.03
2015-02-22,7534.82,4673.86,2538.7,12.51,192,99.49,0.79,2.23
2015-03-01,6999.6,5373,1518.65,8.68,208,81.9,0.86,2.24
2015-03-08,5848.05,4772.32,2909.71,11.89,214,107.88,0.91,2.42
2015-03-15,7815.75,5020.45,4056.86,10.07,201,85.25,0.96,2.41
2015-03-22,8645.55,5314.06,3529.8,10.63,191,96.52,0.98,2.78
2015-03-29,8696.81,6328.21,3353.11,18,177,84.07,1,2.37
2015-04-05,7670.59,5121.32,3947,28.02,200,94.9,1,1.99
2015-04-12,6891.42,5712.84,2382.8,19.54,215,110.23,0.98,1.04
2015-04-19,8143.83,5778.86,3583.75,11.54,198,99.6,0.95,2.05
2015-04-26,7399.66,5914.77,2530.33,14.35,221,96.75,0.91,1.24
2015-05-03,6030.65,4425.61,3000.61,19.09,196,113.13,0.85,2.53
2015-05-10,8862.28,6626.88,4771.57,8.99,189,114,0.79,1.47
2015-05-17,7217.44,4619.04,3775.55,21.77,199,96.83,0.71,1.75
2015-05-24,9666.7,4894.22,3614.41,5.46,210,92.57,0.62,2.47
2015-05-31,7349,6404.05,2113.34,5.31,202,104.88,0.52,1.52
2015-06-07,7160.93,6294.08,2371.01,21.62,200,104.74,0.41,2.29
2015-06-14,7624.8,3910.01,4827.29,10.14,173,111.9,0.3,1.38
2015-06-21,4472.86,4126.93,2125.36,14.6,198,89,0.18,1.3
2015-06-28,7211.67,3641.92,3171.58,8.99,210,99.88,0.06,2.35
2015-07-05,5448.69,5181.85,3714.06,22.71,196,104.63,-0.06,2.26
2015-07-12,8158.72,5164.84,3815.01,20.37,226,91.73,-0.18,2.04
2015-07-19,7727.71,5364.11,3871.29,6.53,209,87.01,-0.3,1.56
2015-07-26,7482.17,5552.16,2869.5,15.16,213,81.06,-0.41,2.17
2015-08-02,3881.88,4398.11,2343.21,7.63,164,99.54,-0.52,2.57
2015-08-09,4393.02,4006.3,2754.19,15.06,197,99.6,-0.62,1.92
2015-08-16,8728.97,6026.79,2278.32,16.39,223,95.5,-0.71,2.39
2015-08-23,6578.08,5751.06,3501.65,20.62,188,99.24,-0.79,2.42
2015-08-30,4299.61,3490.83,3896.28,6.97,190,84.63,-0.85,1.99
2015-09-06,6628.16,4904.85,4701.77,13.55,221,107.89,-0.91,2.11
2015-09-13,5370.02,4104.05,3292.89,5.59,191,101.67,-0.95,1.79
2015-09-20,6448.11,2929.25,2300.17,13.54,191,93.96,-0.98,1.67
2015-09-27,6227.11,5150.12,3819.58,24.58,197,95.84,-1,1.86
2015-10-04,7315.43,4920.79,3723.81,23.53,177,107.95,-1,0.94
2015-10-11,6037.32,4902.63,2809.4,25.4,193,96.26,-0.98,2.11
2015-10-18,4489.92,5216.15,1753.72,6.39,196,121.12,-0.96,2.61
2015-10-25,6834.12,5882.47,3609.05,8.79,177,110.19,-0.91,2.26
2015-11-01,6251.41,5205.6,3903.32,21.33,195,92.56,-0.86,2.73
2015-11-08,6408.31,4383.56,2763.91,14.82,179,89.26,-0.79,1.99
2015-11-15,5691.06,4265.2,3428.99,9.59,182,106.46,-0.71,1.02
2015-11-22,5592.47,4868.2,2779.29,8.21,181,99.98,-0.62,1.74
2015-11-29,8312.57,5310.02,3545.85,8.22,187,106.72,-0.52,1.72
2015-12-06,4882.06,3960.32,2906.17,20.6,213,90.27,-0.42,2.49
2015-12-13,4924.21,4815.69,2724.26,17.55,200,100.93,-0.3,2.31
2015-12-20,6330.3,5967.27,3089.3,17.2,193,99.36,-0.19,2.84
2015-12-27,5344.52,4891.72,2773.28,26.82,177,109.79,-0.07,1.85
2016-01-03,4949.26,4301.58,2527.19,9.81,194,102.52,0.05,2.41
2016-01-10,6723.35,4724.05,2747.25,23.99,181,96.56,0.17,1.83
2016-01-17,6453.11,6114.65,2993.48,10.49,189,96.9,0.29,1.72
2016-01-24,7006.42,5550.04,3166,8.92,203,101.92,0.4,2.2
2016-01-31,7162.2,6236.68,4225.94,8.6,200,93.74,0.51,1.58
2016-02-07,6944.43,5139.1,1913.6,27.16,197,102.34,0.61,2.54
2016-02-14,8426.15,5410.28,2840.3,21.72,230,86.01,0.7,2.18
2016-02-21,6965.61,4441.54,3505.22,16.42,199,95.81,0.78,1.93
2016-02-28,8067.08,5605.37,4409.62,22.9,185,109.24,0.85,1.63
2016-03-06,5928.2,4493.67,3340.81,22.68,195,99.33,0.91,1.5
2016-03-13,5192.53,3579.43,2989,21.17,197,112.12,0.95,0.76
2016-03-20,7355.84,5127.99,2753.95,27.9,215,100.17,0.98,2.29
2016-03-27,8621.28,6945.85,3331.45,9.99,201,109.87,1,1.83
2016-04-03,5922.03,5800.91,3791.25,15.87,189,103.21,1,1.7
2016-04-10,8810.02,6165.25,2852.91,5.93,173,94.36,0.99,2.5
2016-04-17,6917.04,5358.86,3131.01,8.94,198,108.62,0.96,3.17
2016-04-24,6244.69,4391.44,3173.55,22.56,205,109.21,0.92,1.99
2016-05-01,6915.88,4797.76,3583.42,23.5,187,90.26,0.86,2.1
2016-05-08,5759.76,4726.75,3889.1,15.74,182,102.44,0.8,2.43
2016-05-15,7325.6,4531.3,3223.33,13.77,183,114.92,0.72,2.81
2016-05-22,6897.91,5704.17,2939.06,17.11,199,101.67,0.63,2.12
2016-05-29,6986.55,3802.64,4115.73,5.59,223,106.85,0.53,1.97
2016-06-05,6314.04,5866.37,3131.63,26.22,195,113.53,0.43,2.05
2016-06-12,7687.32,5864.15,4262.28,21.32,174,102,0.31,2.09
2016-06-19,6732.06,3801.38,2950.46,9.64,194,82.94,0.2,2.18
2016-06-26,7752.77,5639.49,3491.14,18.68,183,98.11,0.08,1.65
2016-07-03,6271.79,7430.23,1763.13,26.84,213,108.24,-0.04,1.87
2016-07-10,7641.43,4442.78,2910.09,10.74,226,89.87,-0.16,1.14
2016-07-17,6771.27,5844.9,2982.56,13.49,191,96.8,-0.28,1.89
2016-07-24,4332.21,4217.8,2393.32,24.4,237,95.55,-0.39,1.74
2016-07-31,6436.34,6110.71,2171.29,10.95,211,76.63,-0.5,2.41
2016-08-07,7317.23,5249.82,3758.53,6.91,209,108.07,-0.6,1.97
2016-08-14,6447.25,6651.92,3731.33,15.46,228,90.12,-0.69,1.53
2016-08-21,3271.97,3541.03,1961.01,9.99,195,86.51,-0.77,1.73
2016-08-28,5824.72,4948.7,3339.5,21.29,197,92.82,-0.85,1.83
2016-09-04,5993.09,4473.07,2109.96,20.54,225,94.68,-0.9,1.46
2016-09-11,6249.74,4802.74,2159.14,15.45,160,102.86,-0.95,2.5
2016-09-18,4581.32,4370.42,3420.33,8.72,185,84.36,-0.98,2.12
2016-09-25,6353.1,4166.16,2451.18,9.6,199,88.81,-1,2.22
2016-10-02,6020.4,5578.72,3794.78,15.63,212,94.54,-1,1.21
2016-10-09,4269.49,3912.42,3030.82,14.73,189,100.39,-0.99,1.39
2016-10-16,6467.39,6484.03,3428.92,6.43,213,110.51,-0.96,1.73
2016-10-23,5606.18,3813.79,2581.1,5.14,199,94.72,-0.92,2.63
2016-10-30,5337.55,5101.08,2079.02,27.07,192,103.11,-0.87,1.81
2016-11-06,6530.73,5532.99,3731.8,12.64,198,111.34,-0.8,2.57
2016-11-13,5778.23,5586.74,3190.46,29.06,190,72.37,-0.72,2.25
2016-11-20,5951.77,4698.25,2808.75,21.89,187,97.72,-0.64,1.91
2016-11-27,5944.95,5079.5,3055.39,26.36,184,108.09,-0.54,1.65
2016-12-04,7659.12,5961.26,4060.73,15.82,205,98.15,-0.43,2.68
2016-12-11,4733.5,3543.53,2441.47,28.14,193,107.5,-0.32,2.3
2016-12-18,5860,4218.26,2400.47,23.86,209,98.12,-0.21,1.99
2016-12-25,4719.21,5320.4,2504.31,11.93,182,108.56,-0.09,2.07
2017-01-01,4872.8,4555.22,1732.01,22.16,205,101.62,0.02,1.69
2017-01-08,6059.25,6370,3655.7,28.03,203,96.43,0.14,2.93
2017-01-15,6083.47,5673.25,3153.9,23.52,207,100.95,0.26,2.29
2017-01-22,6798.22,5072.17,3165.74,21.81,228,95.53,0.37,2.45
2017-01-29,7557.34,3492.24,2965.32,23.6,213,113.95,0.48,1.5
2017-02-05,6400.09,5026.1,2591.87,7.83,202,112.39,0.58,1.22
2017-02-12,6856.97,4683.58,2341.27,6.03,225,104.78,0.67,2.98
2017-02-19,6644,4897.65,3681.49,14.33,208,96.22,0.76,2.04
2017-02-26,5101.45,3818.44,1859.05,17.54,209,94.4,0.83,1.73
2017-03-05,6904.18,5498.66,3352.24,28.76,217,91.22,0.89,1.96
2017-03-12,7132.71,3961.04,2365.91,28.71,202,93.82,0.94,1.76
2017-03-19,8270.86,4773.78,3225.85,21.12,210,97.51,0.97,2.51
2017-03-26,6688.35,5381.43,2407.45,12.89,196,103.77,0.99,2.35
2017-04-02,6634.95,4216.48,2581.33,18.31,214,120.83,1,3.14
2017-04-09,7682.72,5582.99,4415.49,21.87,205,107.58,0.99,1.33
2017-04-16,5870.17,3683.49,3534.63,26.43,192,93.51,0.97,1.83
2017-04-23,4478.3,2190.23,1284.08,18.93,192,111.31,0.93,2.25
2017-04-30,8159.84,5464.97,3101.13,7.36,232,86.31,0.88,2.83
2017-05-07,8130.24,5840.54,2638.55,22.78,200,89.88,0.82,1.49
2017-05-14,6400.13,4714.15,2090.7,25.88,196,88.27,0.74,2.01
2017-05-21,7810.95,5504.13,3167.83,14.82,191,99.78,0.66,1.8
2017-05-28,8134.51,3844.08,3103.97,9.87,204,81.66,0.56,1.21
2017-06-04,5524.35,4872.85,2737.19,11.46,179,114.26,0.46,1.46
2017-06-11,6906.07,3058.48,4578.16,5.93,195,107.31,0.35,1.41
2017-06-18,5364.57,6181.18,1201.05,18.22,196,110.95,0.23,1.1
2017-06-25,5735.77,6859.91,3670.58,19.77,195,99.64,0.11,2.12
2017-07-02,5216.8,6074.01,2768.78,19.56,189,110.55,-0.01,2.08
2017-07-09,6473.28,4972.65,3525.21,27.43,203,103.3,-0.13,2.37
2017-07-16,7258.63,4966.67,2636.8,15.66,218,110.16,-0.25,2.63
2017-07-23,5485.11,3483.93,2524.91,10.94,208,93.11,-0.36,1.03
2017-07-30,6330.29,5790.39,1631.7,17.81,168,93.65,-0.47,1.79
2017-08-06,7679.88,4789.27,2832.44,6.66,171,104.96,-0.57,1.45
2017-08-13,5066.09,4343.26,4983,21.49,198,89.06,-0.67,2.08
2017-08-20,7227.47,3587.97,3791.76,23.37,211,119.26,-0.75,2.49
2017-08-27,7533.87,4700.24,4340.46,10.47,215,102.35,-0.83,2.19
2017-09-03,6415.75,4150.94,3731.97,9.75,198,106.91,-0.89,1.96
2017-09-10,5982.81,4602.97,3915.41,26.82,227,102.99,-0.94,1.82
2017-09-17,6082.33,3782.4,3722.3,12.3,213,117.4,-0.97,2.02
2017-09-24,8606.38,6687.59,3380.31,29.65,217,95.01,-0.99,2.43
2017-10-01,5996.42,4984,2533.98,23.23,195,98.73,-1,2.45
2017-10-08,7558.98,6074.95,2573.65,28.25,188,101.35,-0.99,2.2
2017-10-15,4733.55,2398.3,1719.33,23.79,205,98.15,-0.97,2.56
2017-10-22,5680.54,4546.8,2995.35,13.12,203,100.75,-0.93,2.03
2017-10-29,6308.07,4324.52,3719.48,14.39,201,95.5,-0.88,2.73
2017-11-05,6680.43,3777.07,3825.54,5.85,190,108.78,-0.82,1.5
2017-11-12,5468.27,6546.61,3076.11,27.37,201,98.31,-0.75,2.14
2017-11-19,5184.97,3584.72,2561.9,18.04,203,99.48,-0.66,1.09
2017-11-26,8067.32,5318.39,5632.41,13.62,216,100.38,-0.57,2.23
2017-12-03,7573.14,5846.44,3589.35,25.27,214,90.73,-0.46,0.81
2017-12-10,4887.69,5178.19,4136.46,24.8,178,104.85,-0.35,1.86
2017-12-17,5293.22,4124.74,2729.86,24.54,195,96.22,-0.24,2.04
2017-12-24,7458.69,5941.17,2969.63,18.3,195,102.19,-0.12,2.25
2017-12-31,5277.11,5170.59,3358.89,7.73,189,100.94,0,1.7
2018-01-07,7785.35,3936.5,4341.22,27.21,209,103.66,0.12,1.72
2018-01-14,5120.21,3611.95,2750.82,8.32,216,104.14,0.24,2.02
2018-01-21,7456.86,7086.72,3682.89,25.74,202,102.98,0.35,1.71
2018-01-28,6620.95,4321.5,1324.15,18.83,184,108.39,0.46,2.24
2018-02-04,7114.28,3144.43,2594.2,18.93,223,93.73,0.57,2.27
2018-02-11,4824.28,5533.26,1966.39,23.36,207,95.75,0.66,1.39
2018-02-18,8421.15,5310.23,3890.69,14.71,207,104.14,0.75,1.84
2018-02-25,5629.6,3646.17,2868.44,25.22,218,90.64,0.82,2.62
2018-03-04,4635.34,3057.04,2687.7,26.3,189,111.73,0.88,1.74
2018-03-11,7448.95,4883.7,4095.28,24.82,197,97.91,0.93,1.69
2018-03-18,6750.38,6139.4,3893.02,15.42,171,99.21,0.97,2.48
2018-03-25,6034.9,5636.12,2281.58,9.16,192,91.14,0.99,1.38
2018-04-01,5469.47,4507.06,3342.29,23.12,199,110.5,1,1.8
2018-04-08,7667.98,4165.81,2017.24,7.37,204,103.91,0.99,1.67
2018-04-15,6240.4,5271.07,2619.51,6.42,201,103.6,0.97,1.25
2018-04-22,6469.94,5157.35,4293.26,5.55,199,95.18,0.94,1.87
2018-04-29,5835.94,5629.71,4160.1,21.31,203,92.68,0.89,2.1
2018-05-06,5979.75,4604.2,3887.22,22.33,185,93.72,0.83,1.66
2018-05-13,6219.84,5899.35,2543.28,9.63,195,117.05,0.75,1.95
2018-05-20,4717.96,4169.19,1494.85,24.9,200,99.15,0.67,2.22
2018-05-27,7527.61,4669.46,2059.44,24.77,225,120.79,0.57,2.11
2018-06-03,9144.15,5740.81,3762.05,20.79,217,100.48,0.47,1.72
2018-06-10,7403.68,5989.97,2767.55,28.88,206,105.43,0.36,1.59
2018-06-17,6110.96,3061.5,1269.91,8.62,191,92.33,0.25,2.19
2018-06-24,6875.67,5107.19,2855.85,6.53,205,111.63,0.13,2.47
2018-07-01,8692.57,5608.78,4128.19,28.54,203,96.33,0.01,1.91
2018-07-08,6355.23,3549.18,3514.77,26.17,214,105.1,-0.11,1.48
2018-07-15,7737.78,5480.63,2342.99,13.89,197,87.08,-0.23,0.83
2018-07-22,4882.87,4171.83,1763.27,15.03,178,106.39,-0.35,1.46
2018-07-29,6355.31,6020.25,2338.76,29.06,210,104.35,-0.46,1.66
2018-08-05,6899.94,5538.48,3027.62,7.43,196,77.21,-0.56,2.6
2018-08-12,7844.92,5769.05,3710.46,22.73,200,91.88,-0.66,2.09
2018-08-19,5069.45,5120.72,1448.05,18.84,199,89.74,-0.74,2.16
2018-08-26,7161.81,5863.65,3818.56,27.08,217,109.04,-0.82,2.02
2018-09-02,6156.74,6380.51,3004.37,23.32,220,105.63,-0.88,1.61
2018-09-09,6272.89,6966.25,3455.82,20.74,205,91.91,-0.93,2.25
2018-09-16,5292.25,4971.6,1677.4,8.89,210,97.88,-0.97,1.58
2018-09-23,5166.72,2750.95,2466.68,16.86,189,107.81,-0.99,2.34
2018-09-30,5605.72,5031.53,2641.41,15.88,205,83.96,-1,1.53
2018-10-07,5627.26,5205.56,3835.11,8.89,187,100.3,-0.99,2.39
2018-10-14,6345.44,4844.65,3822.54,25.83,213,102.82,-0.97,2.78
2018-10-21,6426.26,5568.29,3348.07,12.21,203,104.27,-0.94,1.39
2018-10-28,6643.77,6010.68,4283.37,20.9,210,89.31,-0.89,1.46
2018-11-04,5432.93,4482.02,2587.67,17.03,215,93.39,-0.83,2.47
2018-11-11,6441.62,4705.9,3810.03,19.15,214,104.43,-0.76,2.9
2018-11-18,6703.68,5397.84,2971.25,20.28,195,101.79,-0.67,1.73
2018-11-25,7352.18,4449.78,2466.13,7.65,205,108.26,-0.58,1.52
2018-12-02,6155.9,5091.27,3738.7,17.17,218,109.73,-0.48,2.24
2018-12-09,5714.39,3038.29,4104.88,9.06,225,101.44,-0.37,2.67
2018-12-16,4710.23,3880.1,3702.6,15.73,183,117.93,-0.26,1.71
2018-12-23,6130.63,3672.24,2592.48,21.76,195,101.54,-0.14,2.06
2018-12-30,6221.88,4146.38,2624.17,19.32,207,103.63,-0.02,1.8
2019-01-06,6835.69,4306.7,4102.14,11.67,197,104.31,0.1,2.39
2019-01-13,9133.42,5382.31,3282.26,12.5,191,88.6,0.22,2.03
2019-01-20,7513.06,5982.11,3663.66,5.27,210,101.4,0.34,2.43
2019-01-27,5610.95,4272.62,2729.04,12.4,203,96.79,0.45,2
2019-02-03,5778.35,4003.16,4008.83,22.6,206,102,0.55,2.12
2019-02-10,5951.65,3958.31,2353,6.82,205,99.84,0.65,2.45
2019-02-17,6092.71,4585.41,3500.28,29.37,203,95.92,0.74,1.64
2019-02-24,5433.61,4760.97,2346.26,25.03,201,88.29,0.81,2.33
2019-03-03,6243.45,5483.62,1029.94,27.28,212,90.31,0.88,1.15
2019-03-10,6207.59,4678.68,1925.63,17.97,210,78.78,0.93,2.26
2019-03-17,6419.34,2921.51,3109.04,13.59,211,102.78,0.97,2.41
2019-03-24,7164.51,4908.57,3706.34,16.67,215,98.44,0.99,2
2019-03-31,7024.79,6187.19,1598.96,7.72,207,106.41,1,2.28
2019-04-07,7933.73,6191.6,1998.86,10.73,197,102.78,1,2.29
2019-04-14,7496.04,4211.04,4411.64,14.37,200,93.37,0.98,1.32
2019-04-21,5681.69,3452.22,2652.88,15.05,201,94.17,0.94,2.07
2019-04-28,9983.4,7458.06,3404.56,21.65,226,87,0.9,2.34
2019-05-05,6254.1,4837.58,2578.45,8.46,212,92.27,0.84,2.35
2019-05-12,6453.4,4902.55,2761.13,16.61,200,124.46,0.76,1.86
2019-05-19,5321.71,5420.57,3069.8,8.68,208,106.72,0.68,1.74
2019-05-26,7182.04,3385.96,3008.77,18.82,195,87.63,0.59,1.66
2019-06-02,7533.84,4271.78,2845.95,5.69,205,77.88,0.49,1.32
2019-06-09,6623.62,3459.56,2624.16,25.12,203,93.88,0.38,1.9
2019-06-16,5392.73,4306.91,561.71,25.92,194,104.87,0.26,2.27
2019-06-23,6940.41,5118.85,4494.92,10.04,195,102.85,0.15,3.15
2019-06-30,7218.19,3635.29,4432.34,18.75,206,93.78,0.03,1.62
2019-07-07,6342.66,5589.98,2119.13,20.32,222,93.17,-0.09,1.3
2019-07-14,7719.96,5289.34,2865.51,8.3,194,102.8,-0.21,3.11
2019-07-21,6937.03,4095.78,4100.22,22.43,188,105.44,-0.33,2.57
2019-07-28,5491.37,5226.32,3798.63,26.94,199,129.12,-0.44,1.97
2019-08-04,6099.94,5748.08,4021.28,28.76,211,98.01,-0.55,2.36
2019-08-11,5317.07,6061.1,2142.6,23.35,187,97.2,-0.64,2.34
2019-08-18,5202.51,4787.15,5061.81,5.04,189,104.13,-0.73,2.1
2019-08-25,7267.28,4906.36,2093.23,24.28,205,93.51,-0.81,2.6
2019-09-01,5004.43,4913.29,3603.13,13.61,211,109.23,-0.87,1.96
2019-09-08,8709.06,6441.46,3113.02,15.27,217,87.09,-0.92,2.22
2019-09-15,7656.22,6125.07,2677.03,5.08,210,101.4,-0.96,2.67
2019-09-22,4652.77,5834.4,2696.47,13.4,184,80.63,-0.99,1.25
2019-09-29,4593.33,4712.66,2206.88,13.11,205,105.67,-1,1.16
2019-10-06,8954.97,5373.24,4298.13,16.52,200,97.76,-1,2.66
2019-10-13,5565.22,5403.29,3071.61,25.63,193,115.38,-0.98,2.49
2019-10-20,4275.61,3958.33,3207.37,21.43,203,89.32,-0.95,2.15
2019-10-27,5805.64,3271.7,3167.71,14.17,202,87.92,-0.9,1.88
2019-11-03,6886.32,5641.83,2699.86,24.7,198,113.29,-0.84,2.36
2019-11-10,5510.42,3470.69,2092.78,14.54,205,101.2,-0.77,1.17
2019-11-17,5505.8,5001.68,3202.98,28.6,183,82.43,-0.69,1.79
2019-11-24,5957.47,5250.25,1325.09,24.3,213,107.04,-0.59,1.55
2019-12-01,7794.6,5563.87,1865.15,12.63,188,91.71,-0.49,3.11
2019-12-08,4518.24,5189.43,2138.88,11.02,186,104.03,-0.39,1.45
2019-12-15,5353.58,4267.15,2137.06,8.87,179,110.49,-0.27,1.6
2019-12-22,6270.62,5986.37,3085.75,27.2,208,99.73,-0.15,1.46
2019-12-29,6428.16,6738.63,4278.79,18.5,206,106,-0.03,1.11
2020-01-05,4429.54,5881.18,1787.74,27.66,191,116.08,0.09,2.04
2020-01-12,4374.43,3056.35,3346.94,29.97,185,94.19,0.21,2.43
2020-01-19,7347.5,6399.58,3719.64,18.88,195,91.16,0.32,1.93
2020-01-26,5508.78,4943.94,2208.37,13.35,185,106.16,0.43,3.08
2020-02-02,5052.1,5524.91,2957.76,21.72,197,101.82,0.54,1.11
2020-02-09,7417.88,5622.03,3658.89,26.85,179,102.18,0.64,2.09
2020-02-16,5862.62,4903.31,2795.59,29.45,184,104.3,0.72,1.92
2020-02-23,7278.54,4924.74,2823.45,15.1,193,102.13,0.8,2.76
2020-03-01,8203.8,6019.16,3246.18,23.36,203,105.3,0.87,2.07
2020-03-08,6665.76,5711.6,2951.99,12.9,211,87.73,0.92,1.49
2020-03-15,7659.85,5990.26,2555.48,16.42,190,104.36,0.96,2.15
2020-03-22,6916.04,7382.93,2889.11,10.97,202,119.73,0.99,1.94
2020-03-29,7375.89,5664.42,4506.27,22.31,222,99.92,1,2.12
2020-04-05,5631.31,5207.38,3698.93,15.41,193,95.82,1,1.3
2020-04-12,6313.93,2789.37,2268.32,22.24,206,105.34,0.98,2.31
2020-04-19,6262.16,7691.71,2004.07,28.74,209,112.86,0.95,2.88
2020-04-26,5995.82,4517.32,2712.01,6.27,218,99.57,0.9,1.87
2020-05-03,7833.98,7374.73,4063.02,20.47,179,105.31,0.85,2.55
2020-05-10,8240.64,5374.64,3234.14,23.67,199,95.45,0.77,2.7
2020-05-17,7020.12,6538.43,2438.8,22.17,191,93.44,0.69,2.48
2020-05-24,6318.3,4890.29,3705.79,26.86,208,95.26,0.6,1.65
2020-05-31,7374.86,5511.47,2893.3,24.98,179,113.32,0.5,0.76
2020-06-07,4879.51,5213.96,2103.46,27.06,180,115.45,0.39,2.48
2020-06-14,6784.1,4813.88,3368.95,29.52,204,88.68,0.28,1.84
2020-06-21,6851.89,4879.61,4219.31,18.71,222,101.86,0.16,1.96
2020-06-28,9584.68,6012.83,3347.57,24.53,221,104.43,0.04,1.93
2020-07-05,6410.15,4798.54,3153.6,19.49,162,85.83,-0.08,2.02
2020-07-12,7398.29,2962.32,2475.01,6.92,224,102.51,-0.2,1.38
2020-07-19,6126,4804.11,3454.72,16.72,195,95.79,-0.31,2.04
2020-07-26,5108.75,5539.79,2143.54,8.77,168,82,-0.43,1.84
2020-08-02,5060.73,5616.46,1677.48,18.91,189,107.24,-0.53,2.25
2020-08-09,6307.57,5616.57,2965.32,6.4,205,94.74,-0.63,1.03
2020-08-16,5405.29,3307.9,2972.33,23.41,197,84.99,-0.72,1.37
2020-08-23,5953.46,5368.74,4892.04,5.05,201,121.27,-0.8,2.01
2020-08-30,5600.37,5967.86,2026.92,7.18,196,108.03,-0.86,1.93
2020-09-06,5375.44,6276.58,3136.73,27.54,200,111.71,-0.92,1.89
2020-09-13,6501.92,4775.04,3644.04,29.35,208,101.5,-0.96,2.69
2020-09-20,6657.69,4678.11,3840.47,12.77,193,76,-0.99,1.86
2020-09-27,5576.99,6487.84,2991.42,21.05,225,93.56,-1,1.85
2020-10-04,4054.55,3332.07,2405.4,21.34,200,85.32,-1,1.5
2020-10-11,4646.92,4563.17,2947.37,20.31,186,95.18,-0.98,1.7
2020-10-18,6897.66,5457.46,4551.8,27.03,215,102.76,-0.95,2.56
2020-10-25,5454.08,3382.23,3386.19,24.54,209,105.29,-0.91,2.91
2020-11-01,7210.4,5279.63,1364.42,12.61,203,100.7,-0.85,2.81
2020-11-08,9126.27,6877.86,4138.77,6.35,222,85.73,-0.78,1.66
2020-11-15,5881.97,4995.94,3432.4,16.16,185,105.79,-0.7,2.55
2020-11-22,5580.31,4721.55,2973.14,15.65,178,92.39,-0.61,1.33
2020-11-29,6219.1,5474.91,2985.71,20.92,200,78.93,-0.51,1.58
2020-12-06,6144.73,4720.93,2880.17,23.62,208,86.04,-0.4,2.16
2020-12-13,6894.04,5813.4,3205.25,19.73,208,107.91,-0.29,2.97
2020-12-20,7610.32,5904.44,2596.91,16.57,216,102.9,-0.17,2.03
2020-12-27,6575.78,5002.69,3221.61,10.48,187,92.11,-0.05,2.52
2021-01-03,5532.2,3823.31,2254.92,16.34,207,62.65,0.05,1.96
2021-01-10,6772.44,3681.78,3160.12,24.19,219,106.01,0.17,2
2021-01-17,6422.59,4407,3885.47,11.46,212,105.68,0.29,2.21
2021-01-24,7260.45,5797.38,3407.36,22.68,198,98.16,0.4,2.81
2021-01-31,5825.94,3041.79,3827,24.47,178,92.46,0.51,1.61
2021-02-07,6544.42,3113.67,2127.3,14.66,182,85.76,0.61,1.88
2021-02-14,6531.19,4346.22,3043.83,12.71,193,94.25,0.7,2.16
2021-02-21,7300.19,5394.39,3493.8,7.77,195,96.27,0.78,2.04
2021-02-28,6400.86,4086.43,2145.6,17,201,90.65,0.85,1.39
2021-03-07,7093.49,5886.75,4252.65,23.42,200,89.42,0.91,1.94
2021-03-14,6666.25,5333.37,2172.15,17.94,200,110.67,0.95,2.34
2021-03-21,7504.87,4829.36,3131.61,28.08,214,94.73,0.98,1.91
2021-03-28,7365.71,5818.83,3121.47,5.36,173,103.44,1,2.04
2021-04-04,6168.03,5388.37,3097.34,27.91,197,102.59,1,1.34
2021-04-11,5504.02,4554.06,2831.66,19.49,208,104.39,0.99,1.77
2021-04-18,6813.77,5231.11,3359.95,25.21,187,95.08,0.96,1.6
2021-04-25,7693.8,5647.51,2175.07,15.84,190,105.73,0.92,2.15
2021-05-02,7707.89,5356.28,1968.51,12.86,197,101.44,0.86,1.79
2021-05-09,7641.8,4341.99,2476.35,15.22,220,112.04,0.8,1.73
2021-05-16,8059.32,5855.2,2954.14,12.44,205,101.43,0.72,2.44
2021-05-23,6818.89,6152.94,4005.4,8,218,92.94,0.63,2
2021-05-30,7969.68,5276.27,4269.96,11.96,193,116.27,0.53,2.99
2021-06-06,6855.14,5144.1,3255.59,11.89,226,97.25,0.43,1.01
2021-06-13,6385.51,4924.37,3305.27,13.51,184,101.85,0.31,2.54
2021-06-20,8248.36,7161.42,2805.08,5.46,182,116.19,0.2,2.11
2021-06-27,6291.47,5276.32,3038.44,24.02,189,103.14,0.08,1.39
2021-07-04,5199.21,4841.71,1876.36,16.18,187,106.89,-0.04,2.1
2021-07-11,5569.32,2492.08,3231.95,20.03,220,75.78,-0.16,2.11
2021-07-18,5387.9,3434.72,2571.56,7.62,216,87.72,-0.28,1.89
2021-07-25,6921.52,4922.33,3267.74,5.79,184,89.92,-0.39,2.02
2021-08-01,5156.5,5206.29,2723.21,9.62,198,102.68,-0.5,2.62
2021-08-08,6849.76,5276.87,2470.71,5.79,215,106.32,-0.6,2.19
2021-08-15,7190.56,5821.51,2824.71,28.47,196,86.04,-0.69,1.46
2021-08-22,5375.09,4805.85,2706.48,17.27,233,108.07,-0.77,1.59
2021-08-29,5138.35,6214.59,3875.66,25.06,221,134.55,-0.85,0.9
2021-09-05,4681.26,4078.48,3167.37,18.99,210,110.25,-0.9,2.3
2021-09-12,6124.4,3791.56,3345.99,7.75,173,91,-0.95,1.84
2021-09-19,4391.8,3771.01,2007.32,5.26,200,88.02,-0.98,2.17
2021-09-26,7758.94,5742.3,4197.46,15.81,167,93.63,-1,2.11
2021-10-03,3795.19,4917.08,3127.5,10.18,198,115.95,-1,1.67
2021-10-10,5235.61,5789.82,2314.97,25.16,202,98.84,-0.99,1.95
2021-10-17,5133.32,4732.29,3247.24,17.77,208,96.77,-0.96,2.48
2021-10-24,5783.96,4408.11,3696.35,18.47,207,110.73,-0.92,1.78
2021-10-31,4186.48,4631.65,1893.06,28.2,216,117.2,-0.87,2.15
2021-11-07,6684.57,3147.38,4352.09,6.9,195,92.39,-0.8,2.02
2021-11-14,6778.98,3830.38,2873.58,5.55,188,102.94,-0.72,0.92
2021-11-21,6181.54,3557.97,3896.94,18.95,199,93.91,-0.64,1.32
2021-11-28,8000.97,6054.32,3057.81,7.62,209,90.09,-0.54,1.49
2021-12-05,5865.09,4402.67,2734.06,11.58,204,110.34,-0.43,2.55
2021-12-12,4208.36,5789.46,1532.06,8.5,185,96.75,-0.32,1.59
2021-12-19,6766.99,6516.49,2119.86,8.82,186,106.02,-0.21,1.76
2021-12-26,7788.74,4808.23,2966.93,19.24,186,90.1,-0.09,2.41
2022-01-02,7852.47,5283.88,3662.28,6.46,196,102.55,0.03,2.23
2022-01-09,1787.72,3248.93,1494.66,20.74,177,78.74,0.15,1.65
2022-01-16,5499.44,4181.33,4100.35,23.4,224,88.77,0.27,0.76
2022-01-23,5443.29,5056.21,4119.19,14.36,199,110.12,0.39,2.41
2022-01-30,5565.6,5299.09,2085.35,22.63,188,93.3,0.49,0.64
2022-02-06,5023.39,4240.6,3377.84,6.34,200,99.38,0.59,2.4
2022-02-13,9268.68,7684.86,2173.09,19.59,208,88.3,0.69,2.05
2022-02-20,7176.78,4541.61,2899.84,11.6,186,83.67,0.77,2.09
2022-02-27,8951.51,5064.24,3742.93,9.5,216,97.84,0.84,2.02
2022-03-06,7727.9,5649.79,3694.67,12.19,191,105.11,0.9,2.39
2022-03-13,6392.46,4973.98,2320.66,20.1,198,90.23,0.95,3.17
2022-03-20,7171.37,4356.43,2690.69,15.49,199,101.36,0.98,2.19
2022-03-27,6752.72,6045.31,2219.07,20.9,187,115.44,1,2.88
2022-04-03,8227.63,6615.55,3271.63,28.69,222,97.87,1,2.5
2022-04-10,5281.49,4970.31,1752.74,18.15,213,99.12,0.99,1.91
2022-04-17,4902.75,5562.27,896.54,11.23,173,99.05,0.96,1.61
2022-04-24,6378.46,4902.59,4175.85,23.58,204,101.96,0.92,2.07
2022-05-01,9438.02,6016.46,4818.78,18.26,210,106.21,0.87,2.66
2022-05-08,9284.73,3843.83,2635.97,8.41,189,93.53,0.81,1.83
2022-05-15,7679.28,7320.86,3608.88,11.01,180,107.22,0.73,1.98
2022-05-22,7670.04,4396.47,2994,7.96,191,92.23,0.64,1.72
2022-05-29,4048.85,3541.15,4179.45,7.69,242,101.51,0.55,1.79
2022-06-05,5589.62,4649.08,3443.32,21.27,184,107.26,0.44,1.61
2022-06-12,6261.75,5146.71,3162.93,23.44,195,88.79,0.33,1.67
2022-06-19,6559.82,6623.62,1560.69,16.18,193,102.84,0.21,2.16
2022-06-26,7579.59,5911.21,3866.36,8.67,201,103.68,0.09,1.02
2022-07-03,5904.14,5142.46,2719.32,26.01,208,98,-0.03,3.04
2022-07-10,3461.57,3610.52,1877.21,29.92,184,95.23,-0.15,2.04
2022-07-17,7447.19,4133.96,2838.56,5.49,221,92.91,-0.26,2.3
2022-07-24,6076.14,4836.72,2898.58,18.42,198,112.4,-0.38,2.21
2022-07-31,6400.47,7553.03,3847.37,24.91,193,87.69,-0.49,2.24
2022-08-07,4549.72,3139.77,2066.08,18.1,179,105.24,-0.59,2.18
2022-08-14,5962.27,6131.05,2553.89,11.17,208,98.78,-0.68,2.66
2022-08-21,8267.17,4472.77,4190.5,16.84,223,87.93,-0.76,1.68
2022-08-28,9117.71,6665.99,4086.93,12.3,195,91.39,-0.84,2.98
2022-09-04,2501.72,3860.8,3930.57,29.18,193,90.63,-0.9,2.11
2022-09-11,7763.76,5143.62,4329.22,22.48,184,104.51,-0.94,1.79
2022-09-18,5059.58,3900.45,3163.22,23.67,228,97.24,-0.98,2.68
2022-09-25,6099.66,5903.52,2534.49,5.34,183,112.05,-1,2.1
2022-10-02,6809.83,6483.78,3444.16,15.02,217,99.84,-1,1.46
2022-10-09,6851.04,6950.72,3846.98,16.35,187,94.93,-0.99,0.73
2022-10-16,8301.36,5797.6,4930.91,8.04,202,94.61,-0.97,1.97
2022-10-23,4974.14,6843.27,1428.01,11.43,177,91.21,-0.93,2.49
2022-10-30,8275.14,6246.42,3218.59,8.74,196,99.38,-0.88,1.43
2022-11-06,7267.85,4868.13,3523.84,15.42,230,91.6,-0.81,0.71
2022-11-13,8668.46,5477.04,2956.32,10.41,199,99.46,-0.74,2.5
2022-11-20,5780.71,4028.01,1753.74,18.07,191,104.1,-0.65,1.77
2022-11-27,6409.13,4814.8,3593.2,27.2,214,82.08,-0.55,1.2
2022-12-04,7835.38,6220.96,2376.73,17.92,186,95.6,-0.45,1.99
2022-12-11,7569.92,5541.28,3404.69,15.63,208,103.11,-0.34,1.68
2022-12-18,7503.34,5457.36,3726.04,12.38,219,99.71,-0.22,1.71
2022-12-25,4898.3,3961.87,4027.17,10.61,200,87.89,-0.1,1.17
2023-01-01,6780.13,4395.49,1753.71,6.33,208,104.03,0.02,2.67
2023-01-08,4691.88,4235.39,3865.39,24.65,203,99.67,0.14,1.78
2023-01-15,7000.82,5395.3,2394.41,28.95,206,110.77,0.26,2.25
2023-01-22,6263.55,4009.49,1968.78,27.77,196,103.79,0.37,2.7
2023-01-29,7756.9,5562.04,4051.46,12.3,231,91.33,0.48,1.36
2023-02-05,5605.46,3883.58,3917.01,11.09,218,106.91,0.58,1.88
2023-02-12,7201.79,6828.53,2805.93,12.69,206,96.2,0.67,2.51
2023-02-19,8687.47,5460.59,3607.63,13.2,196,105.66,0.76,1.15
2023-02-26,5382.9,4299,2311.74,20.37,198,114.2,0.83,2.59
2023-03-05,7456.27,5241.05,2879.17,20.88,162,96.88,0.89,2.28
2023-03-12,5851.5,4647.55,2925.02,7.7,200,107.02,0.94,1.43
2023-03-19,6976.94,5371.15,2775.41,17.45,215,82.84,0.97,0.8
2023-03-26,7934.27,5243.53,3587.28,6.19,199,73.31,0.99,1.24
2023-04-02,7418.07,3985.89,4229.86,21.44,202,82.09,1,2
2023-04-09,3980.8,4208.69,2635.38,28.86,218,101.2,0.99,1.97
2023-04-16,7734.79,5299.59,2973.87,28.92,192,74.2,0.97,0.82
2023-04-23,9639.9,6639.05,4309.41,27.76,181,73.69,0.93,2.85
2023-04-30,6127.1,6084.62,2736.77,16.9,174,122.21,0.88,2.08
2023-05-07,4417.2,4375.43,916.77,14.23,207,103.24,0.82,1.3
2023-05-14,6997.66,5825.92,3411.19,14.74,193,102.7,0.74,1.44
2023-05-21,7470.8,4951.43,2290.83,28.52,201,99.4,0.66,2.41
2023-05-28,5422.54,5301.31,2201.17,22.16,197,112.87,0.56,1.77
2023-06-04,7653.73,5260.36,4136.65,15.42,206,97.61,0.46,2.71
2023-06-11,7522.91,7575.45,4958.4,17.01,212,107.56,0.35,1.5
2023-06-18,6338.95,3814.71,2168.17,23.68,193,101.04,0.23,2.23
2023-06-25,6169.14,5100.92,3824.82,23.37,213,94.16,0.11,2.54
2023-07-02,6346.7,3220.02,2924.68,16.78,217,91.14,-0.01,1.59
2023-07-09,7008.39,5589.84,3113.45,15.28,193,82.27,-0.13,2.17
2023-07-16,5899.26,6096.61,3977.79,15.05,215,99.25,-0.25,1.64
2023-07-23,7876.48,6445.66,3170.94,21.78,216,84.17,-0.36,2.75
2023-07-30,4381.49,3074.85,2318.91,22.27,168,95.23,-0.47,2.26
2023-08-06,8487.16,5412.77,2623.67,6.47,193,88.18,-0.57,2.18
2023-08-13,6866.84,6593.37,3548.91,16.51,197,100.99,-0.67,2.18
2023-08-20,3628.77,4585.98,1131.24,17.64,201,112.95,-0.75,1.46
2023-08-27,9401.59,4787.85,3876.2,8.93,211,109.7,-0.83,2.19
2023-09-03,5404.95,4963.46,1746.28,12.57,191,91.32,-0.89,2.89
2023-09-10,7872.82,5365.02,3017.54,10.01,193,78.74,-0.94,1.85
2023-09-17,5868.65,5665.16,2847.71,7.92,210,97.95,-0.97,2.59
2023-09-24,7135.96,6317.82,4034.46,26.28,204,88.93,-0.99,1.6
2023-10-01,5042.99,4904.51,3151.08,13.49,198,94.51,-1,1.03
2023-10-08,5224.63,5196.28,3081.55,6.54,197,103.19,-0.99,1.62
2023-10-15,7572.63,7488,3558.51,21.13,209,99.15,-0.97,1.05
2023-10-22,5603.67,5431.1,2338.39,24.09,194,122.67,-0.93,1.66
2023-10-29,5113.39,5188.75,2843.28,18.42,191,100.23,-0.88,1.61
2023-11-05,5750.63,3657.76,3942.07,17.56,209,110.68,-0.82,1.84
2023-11-12,5918.75,5002.86,3546.78,23.9,213,89.81,-0.75,1.36
2023-11-19,6112.08,4778.67,1979.6,27.15,208,97.79,-0.66,2.78
2023-11-26,6200.2,4988.95,3510.37,25.67,198,107.92,-0.57,1.85
2023-12-03,4696.89,4424.58,1897.93,17.52,194,106.77,-0.46,1.69
2023-12-10,7358.84,4313.18,2521.35,24.91,209,86.57,-0.35,1.98
2023-12-17,7632.1,4279.23,3968.74,9.82,204,93.84,-0.24,2.74
2023-12-24,6951.24,4785.5,1199.16,14.32,206,99.93,-0.12,2.27
2023-12-31,6676.35,6368.13,1576.79,15.18,213,98.33,0,2.24
2024-01-07,6991.56,6049.09,4041.1,7.3,188,94.56,0.12,1.25
2024-01-14,7690.46,4640.02,2348.17,5.05,179,87.99,0.24,2.08
2024-01-21,5365.36,3314.08,3994.97,14.74,186,114.87,0.35,1.32
2024-01-28,5643.24,4155.42,2865.4,8.96,214,107.73,0.46,2.71
2024-02-04,7219.19,4542.24,3342.22,26.97,210,111.04,0.57,2.54
2024-02-11,7121,5103.64,3650.62,19.76,203,100.36,0.66,2.22
2024-02-18,5428.98,4337.39,2479.03,16.29,209,110.87,0.75,2.29
2024-02-25,6631.36,7006.68,2756.33,18.32,186,104.27,0.82,1.55
2024-03-03,6879.59,4727.73,2667.92,6.27,190,98.91,0.88,1.63
2024-03-10,6056.8,3786.06,5252.87,23.84,200,93.1,0.93,2.79
2024-03-17,5556.81,4858.74,3100.92,22.21,209,87.58,0.97,1.37
2024-03-24,6851.58,3994.62,3378.24,8.2,212,103.04,0.99,2.12
2024-03-31,8291.39,5156.16,2727.4,20.27,220,109.84,1,1.74
2024-04-07,8317.09,5233.63,2806.57,21.24,204,97.53,0.99,1.98
2024-04-14,6692.23,5355.59,4103,13.61,198,90.94,0.97,2.41
2024-04-21,5091.31,3378.14,2728.89,22.22,190,108.39,0.94,2.21
2024-04-28,6845.82,5220.71,3016.11,19.22,186,89.32,0.89,2.98
2024-05-05,6830.91,5310.45,3301.57,11.92,195,98,0.83,2.44
2024-05-12,6428.38,3578.89,2654.62,27.86,193,99.29,0.75,1.98
2024-05-19,6159.19,5955.37,4567.25,6.15,186,109.07,0.67,0.78
2024-05-26,5471.14,5784.17,1857.23,27.58,198,82.47,0.57,1.96
2024-06-02,7609.39,7299.62,4609.03,25.44,197,105.77,0.47,2.36
2024-06-09,7712.24,5156.7,2718.73,13.1,177,90.24,0.36,1.85
2024-06-16,7441.35,5046.73,4085.7,15.44,182,96.6,0.25,2.7
2024-06-23,6447.15,5096.59,1400.66,17.61,198,100.14,0.13,2.15
2024-06-30,6961.77,5069.77,3764.86,18.8,197,99.92,0.01,1.95
2024-07-07,5511.13,3151.53,3701.15,6.82,200,98.6,-0.11,1.49
2024-07-14,6227.91,3328.87,1983.03,12.98,210,90.19,-0.23,1.05
2024-07-21,8243.28,4922.46,2385.34,10.83,207,103.56,-0.35,1.35
2024-07-28,6218.33,4418.93,3154.82,7.44,203,103.17,-0.46,2.61
2024-08-04,6359.76,5054.74,3915.07,29.44,217,95.11,-0.56,2.46
2024-08-11,5367.99,2888.79,2387.2,13.56,203,105.79,-0.66,2.33
2024-08-18,5304.34,3501.3,2820.7,28.32,201,114.88,-0.74,1.65
2024-08-25,5766.89,3898.52,4257.08,25.25,197,103.34,-0.82,2.19
2024-09-01,7148.3,5986.06,2098.12,15.23,199,108.13,-0.88,1.78
2024-09-08,6121.35,3901.51,3758.24,24.94,212,104.52,-0.93,2.69
2024-09-15,6879.57,4200.49,3359.01,11.11,194,108.26,-0.97,2.55
2024-09-22,7869.72,5079.87,2115.35,24.46,206,104.65,-0.99,1.9
2024-09-29,5002.79,4677.25,2465.71,7.15,187,97.4,-1,1.34
2024-10-06,6706.1,5146.42,3626.62,10.3,196,103.45,-0.99,3.54
2024-10-13,6192.33,7305.06,3199.17,29.58,177,107.35,-0.97,2.17
2024-10-20,5809.11,3875.4,4140.08,6.13,206,91.71,-0.94,2.26
2024-10-27,4842.07,4694.53,2518.57,18.64,218,102.25,-0.89,1.82
2024-11-03,4996.29,4483.24,1628.41,21.84,194,111.94,-0.83,2.33
2024-11-10,5955.42,6512.4,3838.26,11.91,172,93.53,-0.76,2.25
2024-11-17,3758.95,4230.52,2513.1,17.32,190,99.84,-0.67,2.33
2024-11-24,6103.61,4917.91,3096.27,26.49,210,98.67,-0.58,2.09
2024-12-01,5857.35,5787.13,4375.23,17.12,194,113.2,-0.48,1.47
2024-12-08,4115.86,3941.41,2799.67,8.39,180,91.67,-0.37,0.97
2024-12-15,7510.29,6655.18,4239.64,12.93,222,101.28,-0.26,2.26
2024-12-22,5476.51,5675.76,2122.29,24.16,202,97.38,-0.14,1.44
2024-12-29,6150.49,3925.79,3740.41,6.13,155,93.64,-0.02,2.55
2025-01-05,4772.04,5454.58,3197.44,28.13,212,121.75,0.09,1.58
2025-01-12,6791.62,4786.69,2410.58,22.07,199,103.35,0.21,1.22
2025-01-19,5618.19,5313.23,1975.99,15.42,185,110.71,0.32,1.99
2025-01-26,8187.31,4910.02,3061.31,8.38,186,105.39,0.43,2.29
2025-02-02,8971.84,6070.52,3204.13,28.17,194,109.27,0.54,2.42
2025-02-09,6104.79,3648.9,3221.96,10.79,206,120.48,0.64,2.2
2025-02-16,6628.14,4477.38,3429.48,23.49,191,100.62,0.72,2.07
2025-02-23,8564.54,4750.81,2631.61,5.2,179,109.23,0.8,1.92
